cat,ans1,ans2,ans3,ansC,Text
Geografia,Siracusa,Palermo,Messina,Catania,Dove si trova l'Etna l'unico vulcano presente in sicilia?
Geografia,Veneto,Sicilia,Molise,Campania,In quale regione si trova il Vesuvio?
Geografia,Monte Rosa,Cervino,Gran Paradiso,Monte Bianco,Qual è il monte piu alto di Italia?
Geografia,Veneto,Campania,Molise,Sicilia,In quale regione si trova l'Etna?
Geografia,Oslo,Malmö,Reykholt,Reykjavik,Qual è la capitale dell'Islanda?
Geografia,Sicilia,Lazio,Abruzzo,Toscana,L'Arno è un fiume di quale regione?
Geografia,Lombardia,Sicilia,Toscana,Campania,In che regione italiana si trovano i Campi Flegrei?
Geografia,Bogotà,Caracas,Panamà,Lima,Qual è la capitale del Perù?
Geografia,Catania,Siracusa,Palermo,Roma,Qual è la maggiore città italiana per popolazione?
Geografia,Lione,Nizza,Strasburgo,Amburgo,Quale di queste città non si trova in Francia?
Geografia,Zambia,Congo,Tanzania,Angola,Luanda è la capitale di quale Stato?
Geografia,Campania,Molise,Puglia,Basilicata,Di quale regione è il capoluogo Potenza?
Geografia,Liguria,Puglia,Basilicata,Piemonte,In quale regione è situata la città di Domodossola?
Geografia,Liguria,Puglia,Basilicata,Sicilia,In quale regione è situata la città di Siracusa?
Geografia,Liguria,Puglia,Basilicata,Sicilia,In quale regione è situata la città di Catania?
Geografia,Liguria,Puglia,Basilicata,Sicilia,In quale regione è situata la città di Palermo?
Geografia,Liguria,Puglia,Basilicata,Sicilia,In quale regione è situata la città di Messina?
Geografia,Liguria,Puglia,Basilicata,Sicilia,In quale regione è situata la città di Trapani?
Geografia,Liguria,Puglia,Basilicata,Sicilia,In quale regione è situata la città di Enna?
Geografia,Fumaiolo,Sibilia,Terminilo,Gran Sasso,Qual è la vetta più alta degli Appennini?
Geografia,Venezia,Catania,Firenze,Roma,In quale città è situato il Colosseo?
Geografia,Brasile,Canada,Russia,Cina,Qual è lo Stato più grande del mondo?
Geografia,Belgio,Canada,Malta,Città del vaticano,Qual è lo Stato più piccolo del mondo?
Geografia,Australia,Cile,Nuova Zelanda,Argentina,Qual è la nazione più a Sud del mondo?
Geografia,CA,CS,CT,CL,Qual è la sigla della provincia di Caltanissetta?
Geografia,CA,CS,CL,CT,Qual è la sigla della provincia di Catania?
Geografia,SC,ST,SA,SR,Qual è la sigla della provincia di Siracusa?
Geografia,PE,PR,PL,PA,Qual è la sigla della provincia di Palermo?
Geografia,120,130,100,110,Quante province ci sono in Italia?
Geografia,Germania,Polonia,Bulgaria,Romania,In quale nazione sfocia il Danubio?
Geografia,Romania,Polonia,Bulgaria,Germania,In quale nazione nasce il Danubio?
Geografia,Liguria,Lombardia,Piemonte,Trentino-Alto Adige,Dove si trova la Valsugana?
Geografia,Arabia,Iraq,Giordania,Egitto,Dove si trova il canale di Suez?
Cultura Generale,la pesca sportiva,la torre pendente,il noto museo dedicato a Da Vinci,i suoi canali,Venezia è nota per…
Cultura Generale,Cinofilo,Cinematografo,Cinematico,Cinefilo,Un appassionato di cinema.
Cultura Generale,Calabria,Puglia,Piemonte,Friuli-Venezia Giulia,Quale delle seguenti regioni italiane è a statuto speciale?
Cultura Generale,100 metri,10000 centrimetri,1000 decimetri,1000 metri,Un chilometro equivale a…
Cultura Generale,Austria,Italia,Olanda,Germania,Dove si trova Monaco?
Cultura Generale,Helsinger,Rimini,Tallin,Amburgo,Possiede uno dei porti commerciali più importanti d'Europa
Cultura Generale,Lisbona,Bari,Parigi,Londra,Buckingham Palace si trova a?
Cultura Generale,Francesco Petrarca,Francesco d'Assisi,Publio Virgilio Marone,Dante Alighieri,La 'Divina Commedia' è stata scritta da…
Cultura Generale,Umberto,Antonio,Luigi,Eugenio,Qual è il nome del poeta e scrittore Montale?
Cultura Generale,Lichtenstein,Principato di Monaco,Malta,Città del Vaticano,Qual è lo stato più piccolo d'Europa?
Cultura Generale,3,5,9,7,Quante volte è stato presidente del Consiglio Giulio Andreotti?
Cultura Generale,Mar Tirreno,Mar Ionio,Mar Mediterraneo,Mar Morto,Quale di questi mari non bagna l'Italia?
Cultura Generale,1877,1452,1790,1668,Dom Pierre Perignon inventò lo champagne nel...
Cultura Generale,Dante Alighieri,Francesco Petrarca,Guittone d'Arezzo,Francesco d'Assisi,Il 'Cantico delle Creature' è un testo poetico scritto intorno al 1225 da...
Cultura Generale,Stratosfera,Termosfera,Mesosfera,Troposfera,Come si chiama lo strato più basso dell'atmosfera?
Cultura Generale,cantante,politico,imprenditore,regista,Luis Buñuel fu un noto...
Cultura Generale,di cereali e foglie d'acero,di patate e vinacce,di cereali e vinacce,di cereali e patate,La vodka è un distillato ottenuto principalmente dalla fermentazione e distillazione...
Cultura Generale,Mare di Bering,Mar Morto,Mar Mediterraneo,Mar Baltico,Quale mare bagna la Finlandia?
Cultura Generale,un albero,un'alga,una muffa,un insetto,La Cocciniglia è un colorante alimentare di colore rosso ricavato da...
Cultura Generale,100% Nebbiolo,100% Trebbiano,100% Pinot Nero,100% Sangiovese,Il Brunello di Montalcino viene prodotto con uve...
Cultura Generale,Anna Karenina,I Cosacchi,Guerra e Pace,Delitto e Castigo,Lev Tolstoj non scrisse...
Cultura Generale,Forma del cielo,Forma di montagna,Forma dell'acqua,Forma del fuoco,Cosa significa il termine piramide?
Cultura Generale,un attore,un cantante,un conduttore,un pittore,Frank Sinatra non è stato...
Cultura Generale,Minimalista,Impressionista,Astrattista,Espressionista,Di che corrente fece parte Egon Schiele?
Cultura Generale,Cane,Gatto,Colibrì,Tartaruga,Chi ha 6 battiti del cuore al minuto?
Cultura Generale,Microsoft,Virgilio,Gmail,Google Chrome,Qual è un web browser?
Cultura Generale,Calabria,Sicilia,Toscana,Trentino,Dove è coltivato il vitigno Marzemino?
Cultura Generale,Corridore,Pescatore,Dittatore,Guida,Cosa significa il termine 'Führer'?
Cultura Generale,Dino Risi,Sergio Leone,Vittorio De Sica,Federico Fellini,Chi ha diretto 'La Dolce Vita'?
Cultura Generale,Friends,Magnum P.I.,Blue Bloods,Big Bang Theory,L'attore Tom Selleck non ha mai partecipato a...
Storia,la prima Guerra Mondiale,la Costituzione italiana,la marcia su Roma,l'Unità d'Italia,Il risorgimento termina con...
Storia,1715-1745,1915-1945,1890-1915,1815-1871,A quando risale il Risorgimento?
Storia,Francesco Lomonaco,Guglielmo Pepe,Giuseppe Mazzini,Tommaso Moro,Chi non prese parte alla storia risorgimentale?
Storia,Tedeschi,Francesi,Spagnoli,Austriaci,Chi si contrastava durante la Prima Guerra d'Indipendenza in Italia?
Storia,Saronno,Bronte,Savona,Marsala,Dove sbarcarono l'11 Maggio 1860 Garibaldi e i suoi Mille?
Storia,Firenze,Torino,Salò,Roma,L'Unità d'Italia venne proclamanta nel 1871 con capitale:
Storia,1940,1942,1943,1941,La Guerra Lampo si trasformo in Guerra di Logoramento nel...
Storia,6 ottobre 1944,6 dicembre 1944,6 gennaio 1944,6 giugno 1944,Lo sbarco in Normandia avvenne il...
Storia,l'attacco a Pearl Harbor,lo sterminio degli ebrei,l'invasione del Belgio,lo sbarco in Normandia,L'operazione Neptune è nota come...
Storia,Germania e l'Italia,Germania e il Giappone,Germania e l'Austria,Germania e l'Unione sovietica,Durante la seconda Guerra Mondiale la Polonia venne divisa fra la...
Storia,1942,1943,1944,1945,Il campo di concentramento di Auschwitz venne liberato nel..
Storia,8 volte,2 volte,4 volte,5 volte,Quante volte fu presidente del Consiglio Giovanni Giolitti?
Storia,politico,attore,poeta,generale,Armando Diaz era un...
Storia,Churchill,Roosevelt,Truman,Lenin,Quale di questi politici non ha nulla a che fare con la seconda Guerra Mondiale?
Storia,1943,1945,1915,1917,In che anno avvenne la sconfitta di Caporetto?
Storia,una colonia italiana,una colonia francese,una colonia tedesca,una colonia inglese,L'India era...
Storia,1941,1946,1944,1943,Quando venne arrestato Mussolini?
Storia,3,10,18,12,Quanti sono i principi fondamentali della Costituzione Italiana?
Storia,1925-1926,1937-1938,1969-1970,1919-1920,Viene comunemente indicato come il biennio rosso in Italia
Storia,1889-1899,1689-1699,1609-1689,1789-1799,In quale periodo storico possiamo collocare la Rivoluzione Francese?
Storia,Monarchia,Clero,Aristocrazia,Borghesia,Quale classe sociale dominò il nuovo sistema politico nato dalla Rivoluzione Francese?
Storia,Rinascimento,Risorgimento,Astrattismo,Illuminismo,Quale importante movimento culturale si diffonde in Europa durante la seconda metà del settecento?
Storia,Luigi Einaudi,Alcide de Gasperi,Giovanni Giolitti,Enrico de Nicola,Il primo presidente della Repubblica Italiana fu...
Storia,1976,1980,1982,1978,Aldo Moro fu rapito e assassinato dalle B.R. nel...
Storia,1922,1935,1944,1939,Il Patto d'Acciaio venne firmato da Ciano e von Ribbentrop nel...
Storia,Trento,Ventimiglia,L'isola del Giglio,Fiume,In seguito al trattato di pace del 1947 l'Italia cede...
Storia,dell'URSS,della Francia,dell'Austria,della Polonia,La Seconda Guerra Mondiale ebbe inizio con l'invasione...
Storia,25 dicembre 1940,Giugno 1941,Inizio del 1940,10 giugno 1940,Quando entrò in guerra l'Italia nella seconda Guerra Mondiale?
Storia,il Belgio,la Francia,l'Italia,l'URSS,L'operazione Barbarossa consisteva nell'invadere...
Storia,all'Italia,alla Germania,alla Francia,al Giappone,Dopo l'attacco a Pearl Harbor gli Stati Uniti dichiarano guerra...
Storia,1940,1941,1942,1943,La Repubblica Sociale di Salò venne fondata nel..